{"cameraMode":{"drawMode":0,"name":"Shaded","section":"Shading Mode"},"sceneLighting":false,"audioPlay":false,"sceneViewState":{"m_AlwaysRefresh":false,"showFog":true,"showSkybox":false,"showFlares":true,"showImageEffects":true,"showParticleSystems":true,"showVisualEffectGraphs":true,"m_FxEnabled":true},"in2DMode":false,"pivot":{"x":-0.141069695353508,"y":-0.6471211910247803,"z":-0.18635927140712739},"rotation":{"x":0.25165319442749026,"y":0.008710315451025963,"z":-0.0022650405298918487,"w":0.9677774310112},"size":2.4691591262817385,"orthographic":false}